 Management,All about management of ruby libraries,pending
Login Panel ,Contain details For Login ,completed
Optimization system,building application for increase performance,completed,
VPN Security ,secure the network,pending,raj
water management,manages water consumption,pending,jones@gmail.com
AQI Management,Management of air,pending,raj@gmail.com,01/02/2025
Security Audit,logs the all audits,completed,raj@gmail.com,01/02/2025
Traffic Management,Management of Traffic,completed,raj@gmail.com,04/12/2025
c,d,xompleted,sachin@gmail.com
rails learning,rails tutorial,pending,jacob@gmail.com,13/02/2025
metro project,metro management,completed,jacob@gmail.com,13/06/2002
IMD,Climate study tool,pending,jacob@gmail.com,06/03/2026
